KIPACStanfordPhysics/Kavli Institute for Particle Astrophysics \& Cosmology, Physics Department, and Stanford Linear Accelerator Center, Stanford University, Stanford, CA 94305
KIPAC/Kavli Institute for Particle Astrophysics \& Cosmology, Stanford Linear Accelerator, 2575 Sand Hill Road, M/S 29 Menlo Park, CA 94025
StanfordPhysics/Physics Department, Stanford University, Stanford, CA 94305-4060
KICP/Kavli Institute for Cosmological Physics, The University of Chicago, 5640 South Ellis Avenue Chicago, IL  60637
Chicago/Department of Astronomy and Astrophysics, The University of Chicago, 5640 South Ellis Avenue, Chicago, IL 60637.
ChicagoPhysics/Department of Physics, The University of Chicago, 5640  South Ellis Avenue, Chicago IL 60637
Fermilab/Fermi National Accelerator Laboratory, P.O. Box 500, Batavia, IL 60510.
Princeton/Princeton University Observatory, Peyton Hall, Princeton, NJ 08544.
PrincetonPhysics/Department of Physics, Jadwin Hall, Princeton University, Princeton, NJ 08544
IAS/Institute for Advanced Study, Einstein Drive, Princeton, NJ 08540.
Washington/Department of Astronomy, University of Washington, Box 351580, Seattle, WA 98195.
JHU/Department of Physics and Astronomy, The Johns Hopkins University, 3400 North Charles Street, Baltimore, MD 21218-2686.
Yerkes/Yerkes Observatory, University of Chicago, 373 West Geneva Street, Williams Bay, WI 53191.
APO/Apache Point Observatory, P.O. Box 59, Sunspot, NM 88349.
Caltech/Department of Astronomy, 105-24, California Institute of Technology, 1201 East California Boulevard, Pasadena, CA 91125.
Toulouse/Observatoire Midi Pyrenees, 14 ave Edouard Belin, Toulouse, F-31400, France.
Pittsburgh/Department of Physics and Astronomy, University of Pittsburgh, 3941 O'Hara Street, Pittsburgh, PA 15260.
Eotvos/Department of Physics of Complex Systems, E\"otv\"os University, Budapest, Pf.\ 32, H-1518 Budapest, Hungary.
UTokyo1/Department of Astronomy and Research Center for the Early Universe, University of Tokyo, 7-3-1 Hongo, Bunkyo, Tokyo 113-0033, Japan.
UTokyo2/Institute of Astronomy and Research Center for the Early Universe, University of Tokyo, 2-21-1 Osawa, Mitaka, Tokyo 181-0015, Japan.
JapanWU/Department of Mathematical and Physical Sciences, Japan Women's University, 2-8-1 Mejirodai, Bunkyo, Tokyo 112-8681, Japan.
Yale/Department of Physics, Yale University, PO Box 208121, New Haven, CT 06520.
NAOJapan/National Astronomical Observatory, 2-21-1 Osawa, Mitaka, Tokyo 181-8588, Japan.
ICRR/Institute for Cosmic Ray Research, University of Tokyo, 5-1-5 Kashiwa, Kashiwa City, Chiba 277-8582, Japan.
Flagstaff/US Naval Observatory, Flagstaff Station, P.O. Box 1149, Flagstaff, AZ 86002.
USNO/US Naval Observatory, 3450 Massachusetts Avenue, NW, Washington, DC 20392-5420.
NRL/Remote Sensing Division, Code 7215, Naval Research Laboratory, 4555 Overlook Avenue, SW, Washington, DC 20375.
OCIW/Observatories of the Carnegie Institution of Washington, 813 Santa Barbara Street, Pasadena, CA 91101.
Tohoku/Astronomical Institute, Tohoku University, Aramaki, Aoba, Sendai 980-8578, Japan.
MerrillLynch/Merrill Lynch Japan Incorporated, 1-1-3 Otemachi, Chiyoda, Tokyo 100, Japan.
LosAlamos/Los Alamos National Laboratory, P.O. Box 1663, Los Alamos, NM 87545.
Michigan/Department of Physics, University of Michigan, 500 East University, Ann Arbor, MI 48109-1120.
MichiganAstro/Department of Astronomy, University of Michigan, 500 Church St., Ann Arbor, MI 48109-1042
MCTP/Michigan Center for Theoretical Physics, University of Michigan, 500 Church St., Ann Arbor, MI 48109-1042
Edinburgh/Institute for Astronomy, Royal Observatory, University of Edinburgh, Blackford Hill, Edinburgh EH9 3HJ, United Kingdom.
IIT/Illinois Institute of Technology, 3300 S. Federal Street, Chicago, Il 60616.
CMU/Department of Physics, Carnegie Mellon University, 5000 Forbes Avenue, Pittsburgh, PA 15232.
RPI/Department of Physics, Applied Physics, and Astronomy, Rensselaer Polytechnic Institute, 100 Eighth Street, Troy, NY 12180-3590.
Lucent/Lucent Technologies, 2000 North Naperville Road, Naperville, IL 60566.
Trieste/Department of Astronomy, Osservatorio Astronomico, via G.B. Tiepolo 11, Trieste 34131, Italy.
Rochester/Physics Department, Rochester Institute of Technology, 85 Lomb Memorial Drive, Rochester, NY 14623-5603.
PennState/Department of Astronomy and Astrophysics, The Pennsylvania State University, 525 Davey Laboratory, University Park, PA 16802.
Penn/Department of Physics \& Astronomy, University of Pennsylvania, Philadelphia, PA 19104
CITA/Canadian Institute for Theoretical Astrophysics, University of Toronto, 60 St. George Street, Toronto, Ontario, M5S 3H8, Canada.
Drexel/Department of Physics, Drexel University, 3141 Chestnut Street, Philadelphia, PA 19104.
Kanagawa/Institute of Space and Astronautical Science, 3-1-1 Yoshinodai, Sagamihara, Kanagawa 229-8510, Japan.
OhioState/Department of Astronomy, Ohio State University, 140 West 18th Avenue, Columbus, OH 43210-1173.
Berkeley/University of California at Berkeley, Departments of Physics and Astronomy, 601 Campbell Hall, Berkeley, CA 94720.
Sussex/Astronomy Centre, University of Sussex, Falmer, Brighton BN1 9QJ, UK.
EFI/Enrico Fermi Institute, The University of Chicago, 5640 South Ellis Avenue, Chicago, IL 60637.
Maryland/Department of Astronomy, University of Maryland, College Park, MD 20742-2421.
Potsdam/Astrophysikalisches Institut Potsdam, An der Sternwarte 16, D-14482 Potsdam, Germany.
Catolica/Departamento de Astronom\'{\i}a y Astrof\'{\i}sica, Pontificia Universidad Cat\'{o}lica de Chile, Casilla 306, Santiago 22, Chile.
Dayton/The University of Dayton, Department of Physics, Dayton, OH 45469-2314.
Davis/Physics Department, University of California, Davis, CA 95616.
LLNL/IGPP-LLNL, L-413, 7000 East Ave., Livermore, CA 94550.
STScI/Space Telescope Science Institute, 3700 San Martin Drive, Baltimore, MD 21218.
Suhora/Mt. Suhora Observatory, Cracow Pedagogical University, ul. Podchorazych 2, 30-084 Cracow, Poland.
Cincinnati/Department of Physics, University of Cincinnati, P.O. Box 210011, Cincinnati, OH 45221.
NYU/Center for Cosmology and Particle Physics, Department of Physics, New York University, 4 Washington Place, New York, NY 10003.
Chile/Departamento de Astronom\'{\i}a, Universidad de Chile, Casilla 36-D, Santiago, Chile.
Arizona/Steward Observatory, University of Arizona, 933 North Cherry Avenue, Tucson, AZ 85721.
Wyoming/Department of Physics and Astronomy, University of Wyoming, P.O. Box 3905, Laramie, WY 82071.
MPIA/Max-Planck-Institut f\"{u}r Astronomie, K\"{o}nigstuhl 17, D-69117 Heidelberg, Germany.
MPIAGarching/Max-Planck-Institut f\"{u}r Astrophysik, Postfach 1317, D-85741 Garching, Germany.
MPIEP/Max-Planck-Institut f\"{u}r extraterrestische Physik, Postfach 1312, D-85741 Garching, Germany.
Ball/Ball Aerospace and Technologies Corporation, P.O. Box 1062, Boulder, CO 80301.
Microsoft/Microsoft Research, 301 Howard Street, No. 830, San Francisco, CA 94105.x
CatholicU/Institute of Astrophysics and Computational Sciences, Department of Physics, Catholic University of America, Washington, DC 20064.
NMSU/Department of Astronomy, MSC 4500, New Mexico State University, P.O. Box 30001, Las Cruces, NM 88003.
Krakow/Obserwatorium Astronomiczne na Suhorze, Akademia Pedagogicazna w Krakowie, ulica Podchor\c{a}\.{z}ych 2, PL-30-084 Krak\'{o}w, Poland.
Hawaii/Institute for Astronomy, University of Hawaii, 2680 Woodlawn Drive, Honolulu, HI 96822.
MIT/Physics Department, Massachusetts Institute of Technology, 77 Massachusetts Avenue, Cambridge, MA 02139.
Gemini/Gemini Observatory, 670 North A'ohoku Place, Hilo, HI 96720.
Hubble/Hubble Fellow.
Deceased/Deceased.
GM/General Motors Corporation
JPL/Jet Propulsion Laboratory 4800 Oak Grove Drive, Pasadena ,CA, 91109
BNL/Brookhaven National Laboratory, Bldg 510, Upton, New York 11973
Northwestern/Department of Physics and Astronomy, Northwestern University, 2131 Sheridan Road, Evanston IL 60208-2900, USA
Lick/UCO/Lick Observatory, University of California, Santa Cruz, CA 95064, USA
CEA/CEA, Centre de Saclay, IRFU, F-91191 Gif-sur-Yvette, France
Illinois/Department of Astronomy, University of Illinois at Urbana-Champaign, 1002 W. Green St., Urbana, IL 61801-3074
