Sloan/Alfred P. Sloan/GM
Adelman/Jennifer K. Adelman/Fermilab
AndersonJ/John E. Anderson, Jr./Fermilab
AndersonS/Scott F. Anderson/Washington 
Annis/James Annis/Fermilab
BahcallJ/John N. Bahcall/IAS
BahcallN/Neta A. Bahcall/Princeton
Bakken/J. A. Bakken/Fermilab
Barkhouser/Robert Barkhouser/JHU
Bartelmann/Matthias Bartelmann/MPIAGarching
Bastian/Steven Bastian/Fermilab
Bauer/Amanda E. Bauer/Cincinnati
Becker/Robert H. Becker/Davis LLNL
Benitez/Narciso Ben\'{\i}tez/JHU
Berman/Eileen Berman/Fermilab
Bernardi/Mariangela Bernardi/Chicago
Blanton/Michael R. Blanton/NYU
Boroski/William N. Boroski/Fermilab
Bohringer/Hans B\"{o}hringer/MPIEP
Boucher/Adam Boucher/RPI
Bracker/Steve Bracker/Fermilab
Briegel/Charlie Briegel/Fermilab
Briggs/John W. Briggs/Chicago
Brinkmann/J. Brinkmann/APO 
Browne/Yorke Browne/Washington
Brunner/Robert Brunner/Caltech
Budavari/Tam\'as Budav\'ari/Eotvos JHU
Burles/Scott Burles/MIT
Carey/Larry Carey/Washington
Carr/Michael A. Carr/Princeton 
Castander/Francisco J. Castander/Yale Chile
Chen/Bing Chen/JHU
Christian/Damian Christian/STScI
Colestock/Patrick L. Colestock/Fermilab
Connolly/A. J. Connolly/Pittsburgh
Crocker/J. H. Crocker/JHU Ball
Csabai/Istv\'an Csabai/Eotvos JHU
Czarapata/Paul C. Czarapata/Fermilab
Dalcanton/Julianne Dalcanton/Washington
Davidsen/Arthur F. Davidsen/JHU Deceased
DavisJ/John Eric Davis/APO
DavisM/Marc Davis/Berkeley
Dehnen/Walter Dehnen/MPIA
Dodelson/Scott Dodelson/Chicago
Doi/Mamoru Doi/UTokyo1
Dombeck/Tom Dombeck/Chicago
Donahue/Megan Donahue/STScI
Eisenstein/Daniel Eisenstein/Arizona
Ellman/Nancy Ellman/Yale
Elms/Brian R. Elms/Princeton NAOJapan
Evans/Michael L. Evans/Washington
Eyer/Laurent Eyer/Princeton
Fan/Xiaohui Fan/IAS
Federwitz/Glenn R. Federwitz/Fermilab
Feldman/Paul D. Feldman/JHU
Finkbeiner/Douglas Finkbeiner/Berkeley
Fiscelli/Larry Fiscelli/Chicago
Friedman/Scott Friedman/JHU
Frieman/Joshua A. Frieman/Fermilab Chicago
Fukugita/Masataka Fukugita/ICRR
Geballe/T. R. Geballe/Gemini
Gillespie/Bruce Gillespie/APO
Graziani/Carlo Graziani/Chicago
Greenawalt/Bruce Greenawalt/Fermilab
Greene/Gretchen Greene/STScI
Gunn/James E. Gunn/Princeton 
Gurbani/Vijay K. Gurbani/Fermilab
Haas/Ernst de Haas/Princeton
Haiman/Zolt\'{a}n Haiman/Princeton
Haldeman/Merle Haldeman/Fermilab
Hall/Patrick B. Hall/Princeton Catolica
Hamabe/Masaru Hamabe/JapanWU
Hansen/Brad Hansen/Princeton
HarrisF/Frederick H. Harris/Flagstaff
HarrisH/Hugh Harris/Flagstaff
Harvanek/Michael Harvanek/APO
Hawley/Suzanne L. Hawley/Washington
Hayes/J.J.E. Hayes/APO CatholicU
Heckman/Timothy M. Heckman/JHU
Helmi/Amina Helmi/MPIAGarching
Henden/Arne Henden/Flagstaff
Hennessy/G. S. Hennessy/USNO
Hindsley/Robert B. Hindsley/NRL
Hogan/Craig J. Hogan/Washington
Hogg/David W. Hogg/NYU
Holm/Scott Holm/Fermilab
Holmgren/Donald J. Holmgren/Fermilab
Holtzman/Jon Holtzman/NMSU
Huang/Chih-hao Huang/Fermilab
Hull/Charles Hull/OCIW
Husby/Don Husby/Fermilab
IchikawaS/Shin-Ichi Ichikawa/NAOJapan
IchikawaT/Takashi Ichikawa/Tohoku
Inada/Naohisa Inada/ICRR
Ivezic/\v{Z}eljko Ivezi\'{c}/Princeton
Johnston/David E. Johnston/Chicago
Kauffmann/Guinevere Kauffmann/MPIAGarching
Kent/Stephen Kent/Fermilab Chicago
Kim/Rita S.J. Kim/JHU
Kimball/Tim Kimball/STScI
Kinney/E. Kinney/APO
Klaene/Mark Klaene/APO
KleinmanA/A.N. Kleinman/APO
KleinmanS/S.J. Kleinman/APO
Klypin/Anatoly Klypin/NMSU
Knapp/G.R. Knapp/Princeton
Korienek/John Korienek/Fermilab
Krolik/Julian H. Krolik/JHU
Kron/Richard G. Kron/Chicago Fermilab
Krzesinski/Jurek Krzesi\'{n}ski/APO Krakow
Kunszt/Peter Z. Kunszt/JHU
Lamb/D.Q. Lamb/Chicago
Laubacher/Emily M. Laubacher/Dayton Chicago
Lee/Brian C. Lee/Fermilab
Leger/R. French Leger/Washington
Limmongkol/Siriluk Limmongkol/Washington
Lindenmeyer/Carl Lindenmeyer/Fermilab
Long/Daniel C. Long/APO
Loomis/Craig Loomis/APO
Loveday/Jon Loveday/Sussex
Lucinio/Rich Lucinio/APO
Lupton/Robert H. Lupton/Princeton 
MacKinnon/Bryan MacKinnon/Fermilab MerrillLynch
MallenOrnelas/Gabriela Mall\'{e}n-Ornelas/Princeton Catolica
Mannery/Edward J. Mannery/Washington
Mantsch/P.M. Mantsch/Fermilab
Margon/Bruce Margon/Washington
McGehee/Peregrine McGehee/LosAlamos
McKay/Timothy A. McKay/Michigan
McLean/Brian McLean/STScI
Meiksin/Avery Meiksin/Edinburgh
Menou/Kristen Menou/Princeton
Merrelli/Aronne Merrelli/CMU Caltech
Miknaitis/Gajus Miknaitis/Washington
Mo/H.J. Mo/MPIAGarching
Monet/David G. Monet/Flagstaff
Morgan/Jeff Morgan/Fermilab
Munn/Jeffrey A. Munn/Flagstaff
Nakamura/Osamu Nakamura/ICRR
Narayanan/Vijay K. Narayanan/Princeton
Nash/Thomas Nash/Fermilab
Neilsen/Eric H. Neilsen, Jr./Fermilab
Neswold/Rich Neswold/Fermilab
Newberg/Heidi Jo Newberg/RPI
Newcomb/Matt Newcomb/CMU
Newman/Peter R. Newman/APO
Nichol/R. C. Nichol/CMU
Nicinski/Tom Nicinski/Fermilab Lucent
Nitta/Atsuko Nitta/APO
Nonino/Mario Nonino/Trieste
Odenkirchen/Michael Odenkirchen/MPIA
Okada/Norio Okada/NAOJapan
Okamura/Sadanori Okamura/UTokyo2
Ostriker/Jeremiah P. Ostriker/Princeton
Owen/Russell Owen/Washington
Pauls/A. George Pauls/Princeton
Pentericci/Laura Pentericci/MPIA
Peoples/John Peoples/Fermilab
Peterson/R.S. Peterson/Fermilab
Petravick/Donald Petravick/Fermilab
Pier/Jeffrey R. Pier/Flagstaff
Pindor/Bartosz Pindor/Princeton
Pope/Adrian Pope/CMU JHU
Pordes/Ruth Pordes/Fermilab
Postman/Marc Postman/STScI
Prosapio/Angela Prosapio/Fermilab
Quinn/Thomas R. Quinn/Washington
Rechenmacher/Ron Rechenmacher/Fermilab
Reichard/Timothy A. Reichard/PennState
Rice/Stuart Rice/Chicago
Richards/Gordon T. Richards/PennState
Richmond/Michael W. Richmond/Rochester
Rivetta/Claudio H. Rivetta/Fermilab
Rix/Hans-Walter Rix/MPIA
Rockosi/Constance M. Rockosi/Washington Hubble
Rosner/Robert Rosner/Chicago
Ruthmansdorfer/Kurt Ruthmansdorfer/Fermilab
Sandford/Dale Sandford/Yerkes
Schlegel/David J. Schlegel/Princeton
Schneider/Donald P. Schneider/PennState
Scranton/Ryan Scranton/Chicago
Sekiguchi/Maki Sekiguchi/ICRR
Sergey/Gary Sergey/Fermilab
Sheldon/Erin Sheldon/Michigan
Sheth/Ravi Sheth/Fermilab
Shimasaku/Kazuhiro Shimasaku/UTokyo1
Siegmund/Walter A. Siegmund/Washington
Sinisgalli/Allan J. Sinisgalli/Princeton
Smee/Stephen Smee/JHU Maryland
Smith/J. Allyn Smith/Wyoming
Snedden/S. Snedden/APO
Snir/Yehuda Snir/CMU
Stebbins/Albert Stebbins/Fermilab
Stone/R. Stone/Flagstaff
Stoughton/Chris Stoughton/Fermilab
Strauss/Michael A. Strauss/Princeton
Stubbs/Christopher Stubbs/Washington
SubbaRao/Mark SubbaRao/Chicago
Szalay/Alexander S. Szalay/JHU
Szapudi/Istv\'{a}n Szapudi/CITA
Szkody/Paula Szkody/Washington
Szokoly/Gyula P. Szokoly/Potsdam
Tabachnik/Serge Tabachnik/Princeton
Thakar/Anirudda R. Thakar/JHU
Tremonti/Christy Tremonti/JHU
Tsvetanov/Zlatan Tsvetanov/JHU
Tucker/Douglas L. Tucker/Fermilab
TurnerE/Edwin L. Turner/Princeton
TurnerM/Michael S. Turner/Chicago
Uomoto/Alan Uomoto/JHU
VandenBerk/Daniel E. Vanden Berk/Fermilab
Vogeley/Michael S. Vogeley/Drexel
Voges/Wolfgang Voges/MPIEP
Waddell/Patrick Waddell/Washington
Walterbos/Ren\'{e} Walterbos/NMSU
Wang/Shu-i Wang/Chicago
Watanabe/Masaru Watanabe/Kanagawa
Weinberg/David H. Weinberg/OhioState
Weinstein/Michael A. Weinstein/PennState
WhiteR/Richard L. White/STScI
WhiteS/Simon D.M. White/MPIAGarching
Wilhite/Brian Wilhite/Chicago Fermilab
Wolfe/David Wolfe/STScI
Wyithe/Stuart Wyithe/Princeton
Yanny/Brian Yanny/Fermilab
Yasuda/Naoki Yasuda/NAOJapan
York/Donald G. York/Chicago EFI
Zehavi/Idit Zehavi/Fermilab
Zheng/Wei Zheng/JHU
